id,first_name,last_name,web_name,position,team,expected_goals,expected_assists,news
1.0,Fábio,Ferreira Vieira,Fábio Vieira,3.0,1.0,0.0,0.0,Has joined Portuguese side FC Porto on loan for the 2024/25 season
2.0,Gabriel,Fernando de Jesus,G.Jesus,4.0,1.0,0.0,0.0,
3.0,Gabriel,dos Santos Magalhães,Gabriel,2.0,1.0,0.51,0.05,
4.0,Kai,Havertz,Havertz,4.0,1.0,1.57,0.12,
5.0,Karl,Hein,Hein,1.0,1.0,0.0,0.0,Loaned to Real Valladolid
6.0,Jurriën,Timber,J.Timber,2.0,1.0,0.07,0.05,
7.0,Jorge Luiz,Frello Filho,Jorginho,3.0,1.0,0.0,0.0,
8.0,Jakub,Kiwior,Kiwior,2.0,1.0,0.0,0.0,
9.0,Gabriel,Martinelli Silva,Martinelli,3.0,1.0,0.25,0.74,
12.0,Ethan,Nwaneri,Nwaneri,3.0,1.0,0.0,0.0,
13.0,Martin,Ødegaard,Ødegaard,3.0,1.0,0.46,0.74,Ankle injury - 50% chance of playing
15.0,David,Raya Martin,Raya,1.0,1.0,0.0,0.01,
16.0,Declan,Rice,Rice,3.0,1.0,0.19,0.19,
17.0,Bukayo,Saka,Saka,3.0,1.0,1.4,1.02,Knock - 75% chance of playing
18.0,William,Saliba,Saliba,2.0,1.0,0.0,0.03,
20.0,Thomas,Partey,Thomas,3.0,1.0,0.16,0.21,
21.0,Kieran,Tierney,Tierney,2.0,1.0,0.0,0.0,Hamstring injury - Unknown return date
22.0,Tomiyasu,Takehiro,Tomiyasu,2.0,1.0,0.0,0.0,Knee injury - Unknown return date
23.0,Leandro,Trossard,Trossard,3.0,1.0,0.26,0.13,
24.0,Benjamin,White,White,2.0,1.0,0.11,0.09,
25.0,Oleksandr,Zinchenko,Zinchenko,2.0,1.0,0.0,0.04,Calf injury - 75% chance of playing
73.0,Norberto,Murara Neto,Neto,1.0,1.0,0.0,0.0,
186.0,Raheem,Sterling,Sterling,3.0,1.0,0.0,0.0,
578.0,Riccardo,Calafiori,Calafiori,2.0,1.0,0.0,0.0,Knock - 50% chance of playing
597.0,Myles,Lewis-Skelly,Lewis-Skelly,3.0,1.0,0.0,0.0,
633.0,Mikel,Merino,Merino,3.0,1.0,0.0,0.0,Shoulder injury - Unknown return date
638.0,Salah-Eddine,Oulad M'hand,Oulad M'hand,3.0,1.0,0.0,0.0,
639.0,Tommy,Setford,Setford,1.0,1.0,0.0,0.0,
657.0,Maldini,Kacurri,Kacurri,2.0,1.0,0.0,0.0,
658.0,Ayden,Heaven,Heaven,2.0,1.0,0.0,0.0,
659.0,Ismeal,Kabia,Kabia,3.0,1.0,0.0,0.0,
28.0,Leon,Bailey,Bailey,3.0,2.0,0.25,0.24,
29.0,Ross,Barkley,Barkley,3.0,2.0,0.05,0.1,
30.0,Enzo,Barrenechea,Barrenechea,3.0,2.0,0.0,0.0,Loaned to Valencia CF
31.0,Emiliano,Buendía Stati,Buendia,3.0,2.0,0.0,0.01,
32.0,Matty,Cash,Cash,2.0,2.0,0.0,0.01,Hamstring injury - Expected back 21 Sep
33.0,Leander,Dendoncker,Dendoncker,3.0,2.0,0.0,0.0,On loan to Anderlecht for the rest of the season
34.0,Moussa,Diaby,Diaby,3.0,2.0,0.0,0.0,Permanent transfer to Al Ittihad
35.0,Diego Carlos,Santos Silva,Diego Carlos,2.0,2.0,0.0,0.0,
36.0,Lucas,Digne,Digne,2.0,2.0,0.0,0.94,
37.0,Lewis,Dobbin,Dobbin,3.0,2.0,0.0,0.0,Permanent transfer to West Bromwich Albion
38.0,Jhon,Durán,Duran,4.0,2.0,1.04,0.14,
39.0,Joe,Gauci,Gauci,1.0,2.0,0.0,0.0,
40.0,Kortney,Hause,Hause,2.0,2.0,0.0,0.0,
41.0,Samuel,Iling-Junior,Iling Jr,3.0,2.0,0.0,0.0,Season long loan to Bologna
42.0,Boubacar,Kamara,Kamara,3.0,2.0,0.0,0.0,Knee injury - 50% chance of playing
43.0,Kaine,Kesler-Hayden,Kesler-Hayden,2.0,2.0,0.0,0.0,Has joined Preston North End for the rest of the season
44.0,Ezri,Konsa Ngoyo,Konsa,2.0,2.0,0.07,0.03,
45.0,Ian,Maatsen,Maatsen,2.0,2.0,0.01,0.53,
46.0,Filip,Marschall,Marschall,1.0,2.0,0.0,0.0,Has joined MK Dons for the rest of the season
47.0,Emiliano,Martínez Romero,Martinez,1.0,2.0,0.0,0.0,
48.0,John,McGinn,McGinn,3.0,2.0,0.48,0.35,
49.0,Tyrone,Mings,Mings,2.0,2.0,0.0,0.0,Knee injury - 50% chance of playing
50.0,Kosta,Nedeljković,Nedeljkovic,2.0,2.0,0.0,0.02,
51.0,Robin,Olsen,Olsen,1.0,2.0,0.0,0.0,
52.0,Pau,Torres,Pau,2.0,2.0,0.0,0.06,
53.0,Jacob,Ramsey,Ramsey,3.0,2.0,0.41,0.76,
54.0,Morgan,Rogers,Rogers,3.0,2.0,0.55,0.39,
55.0,Viljami,Sinisalo,Sinisalo,1.0,2.0,0.0,0.0,Permanent transfer to Celtic
56.0,Lino,da Cruz Sousa,Sousa,2.0,2.0,0.0,0.0,Loaned to  Bristol Rovers
57.0,Youri,Tielemans,Tielemans,3.0,2.0,0.18,1.0,
58.0,Ollie,Watkins,Watkins,4.0,2.0,2.76,0.08,
233.0,Amadou,Onana,Onana,3.0,2.0,1.11,0.08,
569.0,Jaden,Philogene,Jaden,3.0,2.0,0.07,0.01,
598.0,Lamare,Bogarde,Bogarde,2.0,2.0,0.0,0.08,
640.0,Sil,Swinkels,Swinkels,2.0,2.0,0.0,0.0,
641.0,Oliwier,Zych,Zych,1.0,2.0,0.0,0.0,
656.0,Kadan,Young,Young,3.0,2.0,0.0,0.0,
59.0,Max,Aarons,Aarons,2.0,3.0,0.0,0.0,
60.0,Tyler,Adams,Adams,3.0,3.0,0.0,0.0,Back injury - Unknown return date
61.0,Jaidon,Anthony,Anthony,3.0,3.0,0.0,0.0,Season long loan to Burnley
62.0,David,Brooks,Brooks,3.0,3.0,0.0,0.0,
63.0,Ryan,Christie,Christie,3.0,3.0,0.08,0.12,
64.0,Lewis,Cook,Cook,3.0,3.0,0.23,0.54,
65.0,Enes,Ünal,Enes Ünal,4.0,3.0,0.08,0.04,
66.0,Romain,Faivre,Faivre,3.0,3.0,0.0,0.0,Loaned to Brest
67.0,Hamed,Traorè,H.Traorè,3.0,3.0,0.0,0.0,Season long loan to A.J.Auxerre
68.0,James,Hill,Hill,2.0,3.0,0.0,0.0,
69.0,Daniel,Jebbison,Jebbison,4.0,3.0,0.0,0.0,Loaned to Watford
70.0,Milos,Kerkez,Kerkez,2.0,3.0,0.08,0.08,
71.0,Justin,Kluivert,Kluivert,3.0,3.0,0.43,0.44,
72.0,Chris,Mepham,Mepham,2.0,3.0,0.0,0.0,On loan to Sunderland for the season
74.0,Dango,Ouattara,O.Dango,3.0,3.0,0.48,0.79,Ankle injury - Unknown return date
75.0,Alex,Paulsen,Paulsen,1.0,3.0,0.0,0.0,Loaned to Auckland FC
76.0,Philip,Billing,Philip,3.0,3.0,0.0,0.09,
77.0,Alex,Scott,Scott,3.0,3.0,0.02,0.03,
78.0,Antoine,Semenyo,Semenyo,3.0,3.0,1.31,1.33,
79.0,Marcos,Senesi,Senesi,2.0,3.0,0.0,0.09,
80.0,Luis,Sinisterra,Sinisterra,3.0,3.0,0.65,0.31,
81.0,Adam,Smith,Smith,2.0,3.0,0.0,0.01,
83.0,Marcus,Tavernier,Tavernier,3.0,3.0,2.02,0.64,
84.0,Mark,Travers,Travers,1.0,3.0,0.0,0.0,
85.0,Illia,Zabarnyi,Zabarnyi,2.0,3.0,0.19,0.04,
152.0,Kepa,Arrizabalaga,Arrizabalaga,1.0,3.0,0.0,0.0,
580.0,Dean,Huijsen,Huijsen,2.0,3.0,0.0,0.01,
592.0,Julián,Araujo Zúñiga,J.Araujo,2.0,3.0,0.0,0.02,
599.0,Will,Dennis,Dennis,1.0,3.0,0.0,0.0,
617.0,Francisco Evanilson,de Lima Barbosa,Evanilson,4.0,3.0,1.86,0.15,
86.0,Kristoffer,Ajer,Ajer,2.0,4.0,0.28,0.03,
87.0,Ethan,Brierley,Brierley,3.0,4.0,0.0,0.0,
88.0,Nathan,Collins,Collins,2.0,4.0,0.53,0.01,
89.0,Mikkel,Damsgaard,Damsgaard,3.0,4.0,0.23,0.37,
90.0,Josh,Dasilva,Dasilva,3.0,4.0,0.0,0.0,Knee injury - Unknown return date
91.0,Mark,Flekken,Flekken,1.0,4.0,0.0,0.01,
92.0,Rico,Henry,Henry,2.0,4.0,0.0,0.0,Lack of match fitness - Expected back 28 Sep
93.0,Aaron,Hickey,Hickey,2.0,4.0,0.0,0.0,Hamstring injury - Unknown return date
94.0,Vitaly,Janelt,Janelt,3.0,4.0,0.07,0.19,
95.0,Mathias,Jensen,Jensen,3.0,4.0,0.1,0.46,Calf injury - Expected back 28 Sep
96.0,Kim,Ji-soo,Ji-soo,2.0,4.0,0.0,0.0,
97.0,Yunus Emre,Konak,Konak,3.0,4.0,0.0,0.0,
98.0,Keane,Lewis-Potter,Lewis-Potter,3.0,4.0,0.08,0.06,
99.0,Bryan,Mbeumo,Mbeumo,3.0,4.0,1.12,1.26,
100.0,Ben,Mee,Mee,2.0,4.0,0.0,0.0,
101.0,Christian,Nørgaard,Nørgaard,3.0,4.0,0.37,0.07,
102.0,Frank,Onyeka,Onyeka,3.0,4.0,0.0,0.02,Loaned to FC Augsburg
103.0,Myles,Peart-Harris,Peart-Harris,3.0,4.0,0.0,0.0,Loaned to Swansea City
104.0,Ethan,Pinnock,Pinnock,2.0,4.0,0.23,0.04,
105.0,Mads,Roerslev Rasmussen,Roerslev,2.0,4.0,0.01,0.18,
106.0,Kevin,Schade,Schade,3.0,4.0,0.36,0.03,
107.0,Igor Thiago,Nascimento Rodrigues,Thiago,4.0,4.0,0.0,0.0,Knee injury - Expected back 29 Dec
108.0,Ivan,Toney,Toney,4.0,4.0,0.0,0.0,Transferred to Al-Ahli
109.0,Hákon,Valdimarsson,Valdimarsson,1.0,4.0,0.0,0.0,
110.0,Yoane,Wissa,Wissa,4.0,4.0,2.43,0.27,Ankle injury - Expected back 23 Nov
111.0,Yehor,Yarmoliuk,Yarmoliuk,3.0,4.0,0.04,0.0,
112.0,Mathias,Jorgensen,Zanka,2.0,4.0,0.0,0.0,Joined Anderlecht
314.0,Fábio,Freitas Gouveia Carvalho,Carvalho,3.0,4.0,0.08,0.01,
338.0,Sepp,van den Berg,Van den Berg,2.0,4.0,0.0,0.01,
602.0,Ryan,Trevitt,Trevitt,3.0,4.0,0.0,0.0,
634.0,Gustavo,Nunes Fernandes Gomes,G.Nunes,3.0,4.0,0.0,0.0,Back injury - Expected back 19 Oct
649.0,Jayden,Meghoma,Meghoma,2.0,4.0,0.0,0.0,
113.0,Simon,Adingra,Adingra,3.0,5.0,0.29,0.63,
114.0,Benicio,Baker-Boaitey,Baker-Boaitey,3.0,5.0,0.0,0.0,Loaned to Port Vale
115.0,Carlos,Baleba,Baleba,3.0,5.0,0.38,0.07,
116.0,Valentín,Barco,Barco,2.0,5.0,0.0,0.0,Loaned to Sevilla
118.0,Amario,Cozier-Duberry,Cozier-Duberry,3.0,5.0,0.0,0.0,Loaned to Blackburn Rovers
119.0,Mahmoud,Dahoud,Dahoud,3.0,5.0,0.0,0.0,Transferred to Eintracht Frankfurt
120.0,Lewis,Dunk,Dunk,2.0,5.0,0.16,0.25,
121.0,Julio,Enciso,Enciso,3.0,5.0,0.08,0.12,
122.0,Pervis,Estupiñán,Estupiñan,2.0,5.0,0.04,0.07,
123.0,Evan,Ferguson,Ferguson,4.0,5.0,0.06,0.0,
124.0,Billy,Gilmour,Gilmour,3.0,5.0,0.08,0.04,Transferred to Napoli
125.0,Pascal,Groß,Gross,3.0,5.0,0.0,0.0,Permanent transfer to Borussia Dortmund
126.0,Jack,Hinshelwood,Hinshelwood,3.0,5.0,0.2,0.45,
127.0,Ibrahim,Osman,I.Osman,3.0,5.0,0.0,0.0,Loaned to Feyenoord
128.0,Igor Julio,dos Santos de Paulo,Igor,2.0,5.0,0.0,0.0,
129.0,João Pedro,Junqueira de Jesus,João Pedro,4.0,5.0,0.88,0.26,Knock - 75% chance of playing
130.0,Kacper,Kozłowski,Kozlowski,3.0,5.0,0.0,0.0,Permanent transfer to Gaziantep FK
131.0,Tariq,Lamptey,Lamptey,2.0,5.0,0.0,0.0,
132.0,Solly,March,March,3.0,5.0,0.0,0.0,Lack of match fitness - Unknown return date
133.0,Adrian,Mazilu,Mazilu,3.0,5.0,0.0,0.0,Has joined Vitesse Arnhem on loan for the rest of the season
134.0,James,Milner,Milner,3.0,5.0,0.16,0.15,Hamstring injury - Expected back 28 Sep
135.0,Yankuba,Minteh,Minteh,3.0,5.0,0.48,1.1,
136.0,Mitoma,Kaoru,Mitoma,3.0,5.0,1.66,0.78,
137.0,Jakub,Moder,Moder,3.0,5.0,0.0,0.0,
138.0,Mark,O’Mahony,O’Mahony,4.0,5.0,0.0,0.0,Season long to Portsmouth
139.0,Odeluga,Offiah,Offiah,2.0,5.0,0.0,0.0,Loaned to Blackpool
140.0,Cameron,Peupion,Peupion,3.0,5.0,0.0,0.0,
141.0,Jeremy,Sarmiento Morante,Sarmiento,3.0,5.0,0.0,0.0,Loaned to Burnley
142.0,Jason,Steele,Steele,1.0,5.0,0.0,0.0,
143.0,Deniz,Undav,Undav,4.0,5.0,0.0,0.0,Transferred to Stuttgart
144.0,Jan Paul,van Hecke,Van Hecke,2.0,5.0,0.05,0.08,
145.0,Joël,Veltman,Veltman,2.0,5.0,0.05,0.48,
146.0,Bart,Verbruggen,Verbruggen,1.0,5.0,0.0,0.0,
147.0,Adam,Webster,Webster,2.0,5.0,0.0,0.02,
148.0,Danny,Welbeck,Welbeck,4.0,5.0,1.59,0.2,
149.0,Mats,Wieffer,Wieffer,3.0,5.0,0.0,0.02,Muscle injury - 75% chance of playing
595.0,Brajan,Gruda,Gruda,3.0,5.0,0.0,0.0,Knock - 50% chance of playing
600.0,Yasin,Ayari,Ayari,3.0,5.0,0.52,0.39,
601.0,Andrew,Moran,Moran,3.0,5.0,0.0,0.0,Loaned to Stoke City
615.0,Carl,Rushworth,Rushworth,1.0,5.0,0.0,0.0,Loaned to Hull City
618.0,Georginio,Rutter,Georginio,3.0,5.0,0.54,0.11,
628.0,Ferdi,Kadioglu,F.Kadıoğlu,2.0,5.0,0.03,0.02,
629.0,Matt,O'Riley,O'Riley,3.0,5.0,0.0,0.0,Ankle injury - Unknown return date
150.0,Andrey,Nascimento dos Santos,Andrey Santos,3.0,6.0,0.0,0.0,Has joined Strasbourg on a season-long loan
151.0,Ângelo Gabriel,Borges Damaceno,Ângelo,3.0,6.0,0.0,0.0,Transferred to Al-Nassr
153.0,Benoît,Badiashile,B.Badiashile,2.0,6.0,0.0,0.0,
154.0,Lucas,Bergström,Bergström,1.0,6.0,0.0,0.0,
155.0,Marcus,Bettinelli,Bettinelli,1.0,6.0,0.0,0.0,
157.0,Moisés,Caicedo Corozo,Caicedo,3.0,6.0,0.05,0.21,
158.0,Cesare,Casadei,Casadei,3.0,6.0,0.0,0.0,
160.0,Ben,Chilwell,Chilwell,2.0,6.0,0.0,0.0,
161.0,Carney,Chukwuemeka,Chukwuemeka,3.0,6.0,0.0,0.0,
162.0,Levi,Colwill,Colwill,2.0,6.0,0.18,0.17,
163.0,Marc,Cucurella Saseta,Cucurella,2.0,6.0,0.0,0.24,
164.0,David Datro,Fofana,D.D.Fofana,4.0,6.0,0.0,0.0,Transferred to AEK Athens
165.0,Deivid Washington,de Souza Eugênio,Deivid,4.0,6.0,0.0,0.0,
166.0,Kiernan,Dewsbury-Hall,Dewsbury-Hall,3.0,6.0,0.0,0.01,
167.0,Axel,Disasi,Disasi,2.0,6.0,0.0,0.0,
168.0,Enzo,Fernández,Enzo,3.0,6.0,0.22,0.2,
169.0,Conor,Gallagher,Gallagher,3.0,6.0,0.0,0.0,Transferred to Atletico Madrid
170.0,Alfie,Gilchrist,Gilchrist,2.0,6.0,0.0,0.0,Has joined Sheffield United on a season-long
171.0,Malo,Gusto,Gusto,2.0,6.0,0.03,0.11,Thigh injury - Unknown return date
172.0,Reece,James,James,2.0,6.0,0.0,0.0,Hamstring injury - Unknown return date
173.0,Omari,Kellyman,Kellyman,3.0,6.0,0.0,0.0,Hamstring injury - 25% chance of playing
174.0,Roméo,Lavia,Lavia,3.0,6.0,0.0,0.18,Hamstring injury - Expected back 21 Sep
175.0,Romelu,Lukaku Bolingoli,Lukaku,4.0,6.0,0.0,0.0,Permanent transfer to Napoli
176.0,Malang,Sarr,M.Sarr,2.0,6.0,0.0,0.0,Permanent move to RC Lens
177.0,Noni,Madueke,Madueke,3.0,6.0,1.24,0.15,
178.0,Marc,Guiu Paz,Marc Guiu,4.0,6.0,0.0,0.0,
179.0,Mykhailo,Mudryk,Mudryk,3.0,6.0,0.0,0.16,
180.0,Nicolas,Jackson,N.Jackson,4.0,6.0,2.29,0.08,
181.0,Christopher,Nkunku,Nkunku,3.0,6.0,0.45,0.1,
182.0,Cole,Palmer,Palmer,3.0,6.0,0.85,1.07,
183.0,Đorđe,Petrović,Petrović,1.0,6.0,0.0,0.0,Loaned to Strasbourg
184.0,Renato,Palma Veiga,Renato Veiga,3.0,6.0,0.04,0.01,
185.0,Robert,Sánchez,Sánchez,1.0,6.0,0.0,0.0,
187.0,Tosin,Adarabioyo,Tosin,2.0,6.0,0.0,0.0,
189.0,Wesley,Fofana,W.Fofana,2.0,6.0,0.04,0.08,
386.0,Jadon,Sancho,Sancho,3.0,6.0,0.0,0.14,
560.0,Pedro,Lomba Neto,Neto,3.0,6.0,0.04,0.26,
575.0,Caleb,Wiley,Wiley,2.0,6.0,0.0,0.0,Loaned to Strasbourg
581.0,Filip,Jørgensen,Jørgensen,1.0,6.0,0.0,0.0,
621.0,João,Félix Sequeira,João Félix,3.0,6.0,0.22,0.04,
11.0,Eddie,Nketiah,Nketiah,4.0,7.0,0.34,0.23,
159.0,Trevoh,Chalobah,Chalobah,2.0,7.0,0.0,0.0,Abdominal injury - Expected back 28 Sep
190.0,Naouirou,Ahamada,Ahamada,3.0,7.0,0.0,0.0,Loaned to Rennes
193.0,Cheick,Doucouré,C.Doucouré,3.0,7.0,0.04,0.01,Toe Injury - 75% chance of playing
194.0,Chris,Richards,C.Richards,2.0,7.0,0.12,0.01,
195.0,Chadi,Riad Dnanou,Chadi Riad,2.0,7.0,0.0,0.02,Knee injury - Expected back 23 Nov
196.0,Nathaniel,Clyne,Clyne,2.0,7.0,0.0,0.02,
197.0,Malcolm,Ebiowei,Ebiowei,3.0,7.0,0.0,0.0,Season long loan to Oxford United
199.0,Eberechi,Eze,Eze,3.0,7.0,1.51,0.62,
200.0,Marc,Guéhi,Guéhi,2.0,7.0,0.0,0.1,
201.0,Dean,Henderson,Henderson,1.0,7.0,0.0,0.0,
202.0,Rob,Holding,Holding,2.0,7.0,0.0,0.0,
203.0,Will,Hughes,Hughes,3.0,7.0,0.0,0.08,
205.0,Daichi,Kamada,Kamada,3.0,7.0,0.21,0.13,
206.0,Jefferson,Lerma Solís,Lerma,3.0,7.0,0.02,0.33,
207.0,Jean-Philippe,Mateta,Mateta,4.0,7.0,1.68,0.25,
208.0,Matheus,França de Oliveira,M.França,3.0,7.0,0.0,0.0,Rib Injury - Expected back 28 Sep
209.0,Remi,Matthews,Matthews,1.0,7.0,0.0,0.0,
210.0,Tyrick,Mitchell,Mitchell,2.0,7.0,0.24,0.77,
211.0,Daniel,Muñoz,Muñoz,2.0,7.0,0.15,0.32,
212.0,David,Ozoh,Ozoh,3.0,7.0,0.0,0.0,Season long loan to Derby County
213.0,Jesurun,Rak-Sakyi,Rak-Sakyi,3.0,7.0,0.0,0.0,Loaned to Sheffield United
214.0,Jeffrey,Schlupp,Schlupp,3.0,7.0,0.0,0.0,
215.0,Joel,Ward,Ward,2.0,7.0,0.0,0.0,
216.0,Adam,Wharton,Wharton,3.0,7.0,0.13,0.34,
445.0,Matt,Turner,Turner,1.0,7.0,0.0,0.0,
585.0,Ismaïla,Sarr,I.Sarr,3.0,7.0,0.18,0.62,
644.0,Franco,Umeh-Chibueze,Umeh-Chibueze,3.0,7.0,0.0,0.0,
645.0,Justin,Devenny,Devenny,3.0,7.0,0.0,0.0,
646.0,Asher,Agbinone,Agbinone,3.0,7.0,0.0,0.0,
647.0,Kaden,Rodney,Rodney,3.0,7.0,0.0,0.0,
650.0,Maxence,Lacroix,Lacroix,2.0,7.0,0.0,0.04,
156.0,Armando,Broja,Broja,4.0,8.0,0.0,0.0,Foot injury - Unknown return date
217.0,Abdoulaye,Doucouré,A.Doucoure,3.0,8.0,0.21,0.02,
218.0,Norberto Bercique,Gomes Betuncal,Beto,4.0,8.0,0.0,0.0,
219.0,Jarrad,Branthwaite,Branthwaite,2.0,8.0,0.0,0.0,Groin Injury - Unknown return date
220.0,Dominic,Calvert-Lewin,Calvert-Lewin,4.0,8.0,1.12,0.41,
221.0,Séamus,Coleman,Coleman,2.0,8.0,0.62,0.01,Ankle injury - 50% chance of playing
222.0,Idrissa,Gueye,Gana,3.0,8.0,0.2,0.08,
223.0,James,Garner,Garner,3.0,8.0,0.0,0.05,
224.0,Jack,Harrison,Harrison,3.0,8.0,0.79,0.47,
225.0,Mason,Holgate,Holgate,2.0,8.0,0.0,0.0,Loaned to West Bromwich Albion
226.0,Tim,Iroegbunam,Iroegbunam,3.0,8.0,0.21,0.08,
227.0,João,Neves Virgínia,J.Virginia,1.0,8.0,0.0,0.0,
228.0,Michael,Keane,Keane,2.0,8.0,0.26,0.02,
229.0,Neal,Maupay,Maupay,4.0,8.0,0.0,0.0,Transferred to Marseille
230.0,Dwight,McNeil,McNeil,3.0,8.0,0.11,2.42,
231.0,Vitalii,Mykolenko,Mykolenko,2.0,8.0,0.0,0.06,
232.0,Iliman,Ndiaye,Ndiaye,4.0,8.0,0.3,0.07,
234.0,Nathan,Patterson,Patterson,2.0,8.0,0.0,0.0,Hamstring injury - Unknown return date
235.0,Jordan,Pickford,Pickford,1.0,8.0,0.0,0.03,
236.0,James,Tarkowski,Tarkowski,2.0,8.0,0.37,0.23,
237.0,Youssef,Ramalho Chermiti,Y. Chermiti,4.0,8.0,0.0,0.0,Foot injury - Unknown return date
238.0,Ashley,Young,Young,2.0,8.0,0.0,0.18,
577.0,Jesper,Lindstrøm,Lindstrøm,3.0,8.0,0.04,0.01,
582.0,Jake,O'Brien,O'Brien,2.0,8.0,0.0,0.0,
603.0,Harrison,Armstrong,Armstrong,3.0,8.0,0.0,0.0,
614.0,Jenson,Metcalfe,Metcalfe,3.0,8.0,0.0,0.0,Season long loan to Chesterfield
624.0,Asmir,Begovic,Begovic,1.0,8.0,0.0,0.0,
627.0,Roman,Dixon,Dixon,2.0,8.0,0.0,0.0,
651.0,Orel,Mangala,Mangala,3.0,8.0,0.09,0.0,
10.0,Reiss,Nelson,Nelson,3.0,9.0,0.08,0.01,
19.0,Emile,Smith Rowe,Smith Rowe,3.0,9.0,0.92,0.7,
191.0,Joachim,Andersen,Andersen,2.0,9.0,0.05,0.03,
239.0,Adama,Traoré,Adama,3.0,9.0,1.02,0.79,
240.0,Andreas,Hoelgebaum Pereira,Andreas,3.0,9.0,0.27,1.04,
241.0,Calvin,Bassey,Bassey,2.0,9.0,0.18,0.03,
242.0,Steven,Benda,Benda,1.0,9.0,0.0,0.0,
243.0,Tom,Cairney,Cairney,3.0,9.0,0.0,0.18,
244.0,Timothy,Castagne,Castagne,2.0,9.0,0.0,0.0,
245.0,Issa,Diop,Diop,2.0,9.0,0.17,0.02,
246.0,Luke,Harris,Harris,3.0,9.0,0.0,0.0,Season long loan to Birmingham City
247.0,Alex,Iwobi,Iwobi,3.0,9.0,0.32,0.73,
248.0,Bernd,Leno,Leno,1.0,9.0,0.0,0.0,
249.0,Saša,Lukić,Lukić,3.0,9.0,0.0,0.06,
250.0,Kevin,Mbabu,Mbabu,2.0,9.0,0.0,0.0,Transferred to FC Midtjylland
251.0,Rodrigo,Muniz Carvalho,Muniz,4.0,9.0,1.03,0.02,
252.0,Raúl,Jiménez,Raúl,4.0,9.0,0.3,0.04,
253.0,Tim,Ream,Ream,2.0,9.0,0.0,0.0,Permanent transfer to Charlotte FC
254.0,Harrison,Reed,Reed,3.0,9.0,0.0,0.09,
255.0,Antonee,Robinson,Robinson,2.0,9.0,0.0,0.36,
256.0,Jay,Stansfield,Stansfield,4.0,9.0,0.0,0.0,Transferred to Birmingham City
257.0,Kenny,Tete,Tete,2.0,9.0,0.41,0.05,
258.0,Carlos Vinícius,Alves Morais,Vinicius,4.0,9.0,0.0,0.0,Calf injury - Expected back 28 Sep
259.0,Harry,Wilson,Wilson,3.0,9.0,0.0,0.02,
579.0,Ryan,Sessegnon,Sessegnon,2.0,9.0,0.0,0.0,
586.0,Jorge,Cuenca Barreno,J.Cuenca,2.0,9.0,0.0,0.0,
604.0,Josh,King,King,3.0,9.0,0.0,0.0,
605.0,Martial,Godo,Godo,3.0,9.0,0.0,0.0,
622.0,Sander,Berge,Berge,3.0,9.0,0.0,0.01,
260.0,Ali,Al-Hamadi,Al-Hamadi,4.0,10.0,0.0,0.02,
261.0,Elkan,Baggott,Baggott,2.0,10.0,0.0,0.0,Season long loan to Blackpool
262.0,Nathan,Broadhead,Broadhead,3.0,10.0,0.0,0.0,Lack of match fitness - 50% chance of playing
263.0,Cameron,Burgess,Burgess,2.0,10.0,0.0,0.0,
264.0,Wes,Burns,Burns,3.0,10.0,0.0,0.01,
265.0,Conor,Chaplin,Chaplin,3.0,10.0,0.0,0.02,
266.0,Harry,Clarke,H.Clarke,2.0,10.0,0.0,0.0,Lack of match fitness - 25% chance of playing
267.0,Leif,Davis,Davis,2.0,10.0,0.07,0.48,
268.0,Liam,Delap,Delap,4.0,10.0,0.42,0.01,
269.0,George,Edmundson,Edmundson,2.0,10.0,0.0,0.0,Loaned to Middlesbrough
270.0,Jacob,Greaves,Greaves,2.0,10.0,0.12,0.0,
271.0,Marcus,Myers-Harness,Harness,3.0,10.0,0.0,0.05,Loaned to Derby County
272.0,George,Hirst,Hirst,4.0,10.0,0.0,0.0,
273.0,Cameron,Humphreys,Humphreys,3.0,10.0,0.0,0.0,Loaned to Wycombe
274.0,Omari,Giraud-Hutchinson,Hutchinson,3.0,10.0,0.36,0.04,
275.0,Ben,Johnson,Johnson,2.0,10.0,0.0,0.2,
276.0,Freddie,Ladapo,Ladapo,4.0,10.0,0.0,0.0,Mutual termination of contract
277.0,Massimo,Luongo,Luongo,3.0,10.0,0.0,0.0,
278.0,Sam,Morsy,Morsy,3.0,10.0,0.0,0.34,
279.0,Corrie,Ndaba,Ndaba,2.0,10.0,0.0,0.0,Permanent transfer to Kilmarnock
280.0,Cieran,Slicker,Slicker,1.0,10.0,0.0,0.0,
281.0,Jack,Taylor,Taylor,3.0,10.0,0.02,0.01,
282.0,Axel,Tuanzebe,Tuanzebe,2.0,10.0,0.07,0.02,
283.0,Christian,Walton,Walton,1.0,10.0,0.0,0.0,
284.0,Luke,Woolfenden,Woolfenden,2.0,10.0,0.03,0.0,
359.0,Kalvin,Phillips,Phillips,3.0,10.0,0.0,0.04,
568.0,Arijanet,Muric,Muric,1.0,10.0,0.0,0.0,
583.0,Conor,Townsend,Townsend,2.0,10.0,0.0,0.0,
611.0,Sam,Szmodics,Szmodics,3.0,10.0,0.29,0.03,
619.0,Jens,Cajuste,Cajuste,3.0,10.0,0.0,0.0,
630.0,Dara,O'Shea,O'Shea,2.0,10.0,0.06,0.0,
631.0,Jack,Clarke,J.Clarke,3.0,10.0,0.11,0.01,
632.0,Chiedozie,Ogbene,Ogbene,3.0,10.0,0.0,0.02,
117.0,Facundo,Buonanotte,Buonanotte,3.0,11.0,0.17,0.38,
192.0,Jordan,Ayew,J.Ayew,3.0,11.0,0.69,0.1,
198.0,Odsonne,Edouard,Edouard,4.0,11.0,0.39,0.03,
285.0,Boubakary,Soumaré,B.Soumaré,3.0,11.0,0.0,0.0,
286.0,Tom,Cannon,Cannon,4.0,11.0,0.0,0.0,Loaned to Stoke City
287.0,Hamza,Choudhury,Choudhury,3.0,11.0,0.0,0.0,
288.0,Conor,Coady,Coady,2.0,11.0,0.0,0.0,
289.0,Patson,Daka,Daka,4.0,11.0,0.0,0.0,Ankle injury - Unknown return date
290.0,Bobby,De Cordova-Reid,De Cordova-Reid,3.0,11.0,0.08,0.04,
291.0,Wout,Faes,Faes,2.0,11.0,0.33,0.01,
292.0,Michael,Golding,Golding,3.0,11.0,0.0,0.0,
293.0,Mads,Hermansen,Hermansen,1.0,11.0,0.0,0.0,
294.0,Daniel,Iversen,Iversen,1.0,11.0,0.0,0.0,
295.0,James,Justin,Justin,2.0,11.0,0.19,0.02,
296.0,Victor,Kristiansen,Kristiansen,2.0,11.0,0.0,0.21,
297.0,Wanya,Marçal-Madivádua,Marcal,3.0,11.0,0.0,0.0,Loaned to De Graafschap
298.0,Stephy,Mavididi,Mavididi,3.0,11.0,0.41,0.6,
299.0,Kasey,McAteer,McAteer,3.0,11.0,0.02,0.0,
300.0,Wilfred,Ndidi,Ndidi,3.0,11.0,0.16,0.82,
301.0,Caleb,Okoli,Okoli,2.0,11.0,0.06,0.01,
302.0,Ricardo,Barbosa Pereira,Ricardo,2.0,11.0,0.0,0.0,
303.0,Harry,Souttar,Souttar,2.0,11.0,0.0,0.0,Season long loan to Sheffield United
304.0,Jakub,Stolarczyk,Stolarczyk,1.0,11.0,0.0,0.0,Ankle injury - Expected back 25 Jan
305.0,Luke,Thomas,Thomas,2.0,11.0,0.0,0.0,
306.0,Jamie,Vardy,Vardy,4.0,11.0,1.44,0.07,
307.0,Jannik,Vestergaard,Vestergaard,2.0,11.0,0.01,0.0,
308.0,Danny,Ward,Ward,1.0,11.0,0.0,0.0,
309.0,Harry,Winks,Winks,3.0,11.0,0.0,0.25,
501.0,Oliver,Skipp,Skipp,3.0,11.0,0.05,0.2,
570.0,Abdul,Fatawu,A.Fatawu,3.0,11.0,0.12,0.61,
606.0,Will,Alves,Alves,3.0,11.0,0.0,0.0,
616.0,Ben,Nelson,Nelson,2.0,11.0,0.0,0.0,Loaned to Oxford United
635.0,Bilal,El Khannouss,El Khannouss,3.0,11.0,0.03,0.01,
310.0,Alisson,Ramses Becker,A.Becker,1.0,12.0,0.0,0.0,
311.0,Trent,Alexander-Arnold,Alexander-Arnold,2.0,12.0,0.18,1.87,
312.0,Stefan,Bajčetić Maquieira,Bajcetic,3.0,12.0,0.0,0.0,Loaned to RB Salzburg
313.0,Conor,Bradley,Bradley,2.0,12.0,0.24,0.15,
315.0,Bobby,Clark,Clark,3.0,12.0,0.0,0.0,Transferred to RB Salzburg
316.0,Darwin,Núñez Ribeiro,Darwin,4.0,12.0,0.15,0.0,
317.0,Diogo,Teixeira da Silva,Diogo J.,3.0,12.0,1.91,0.11,
318.0,Ben,Doak,Doak,3.0,12.0,0.0,0.0,Loaned to Middlesbrough
319.0,Harvey,Elliott,Elliott,3.0,12.0,0.0,0.02,Foot injury - Expected back 20 Oct
320.0,Endo,Wataru,Endo,3.0,12.0,0.0,0.0,
321.0,Cody,Gakpo,Gakpo,4.0,12.0,0.37,0.01,
322.0,Joe,Gomez,Gomez,2.0,12.0,0.0,0.0,
323.0,Ryan,Gravenberch,Gravenberch,3.0,12.0,0.04,0.56,
324.0,Curtis,Jones,Jones,3.0,12.0,0.0,0.01,
325.0,Caoimhin,Kelleher,Kelleher,1.0,12.0,0.0,0.0,
326.0,Ibrahima,Konaté,Konaté,2.0,12.0,0.23,0.04,
327.0,Luis,Díaz,Luis Díaz,3.0,12.0,2.04,0.59,
328.0,Mohamed,Salah,M.Salah,3.0,12.0,1.83,1.16,
329.0,Alexis,Mac Allister,Mac Allister,3.0,12.0,0.16,0.81,
330.0,James,McConnell,McConnell,3.0,12.0,0.0,0.0,
331.0,Tyler,Morton,Morton,3.0,12.0,0.0,0.0,
332.0,Nathaniel,Phillips,N.Phillips,2.0,12.0,0.0,0.0,Loaned to Derby County
333.0,Jarell,Quansah,Quansah,2.0,12.0,0.0,0.0,
334.0,Rhys,Williams,R.Williams,2.0,12.0,0.0,0.0,Loaned to Morecambe
335.0,Andrew,Robertson,Robertson,2.0,12.0,0.3,0.48,
336.0,Dominik,Szoboszlai,Szoboszlai,3.0,12.0,0.4,0.88,
337.0,Konstantinos,Tsimikas,Tsimikas,2.0,12.0,0.0,0.01,
339.0,Virgil,van Dijk,Virgil,2.0,12.0,0.16,0.07,
636.0,Federico,Chiesa,Chiesa,3.0,12.0,0.0,0.0,
340.0,Manuel,Akanji,Akanji,2.0,13.0,0.0,0.28,
341.0,Nathan,Aké,Aké,2.0,13.0,0.0,0.0,Muscle injury - Expected back 20 Oct
342.0,Bernardo,Veiga de Carvalho e Silva,Bernardo,3.0,13.0,0.53,0.77,
343.0,Oscar,Bobb,Bobb,3.0,13.0,0.0,0.0,Leg injury - Expected back 14 Dec
344.0,Scott,Carson,Carson,1.0,13.0,0.0,0.0,
345.0,Kevin,De Bruyne,De Bruyne,3.0,13.0,1.21,2.17,
346.0,Jérémy,Doku,Doku,3.0,13.0,0.18,0.76,
347.0,Ederson,Santana de Moraes,Ederson M.,1.0,13.0,0.0,0.01,
348.0,Phil,Foden,Foden,3.0,13.0,0.0,0.01,
349.0,Jack,Grealish,Grealish,3.0,13.0,0.48,0.4,
350.0,Joško,Gvardiol,Gvardiol,2.0,13.0,0.13,0.65,
351.0,Erling,Haaland,Haaland,4.0,13.0,4.88,0.16,
352.0,Julián,Álvarez,J.Alvarez,4.0,13.0,0.0,0.0,Transferred to Atletico Madrid
353.0,João,Cavaco Cancelo,João Cancelo,2.0,13.0,0.0,0.0,Permanent transfer to Saudi club Al-Hilal
354.0,Mateo,Kovačić,Kovačić,3.0,13.0,0.13,0.21,
355.0,Rico,Lewis,Lewis,2.0,13.0,0.62,0.18,
356.0,Matheus Luiz,Nunes,Matheus N.,3.0,13.0,0.0,0.17,
357.0,James,McAtee,McAtee,3.0,13.0,0.0,0.02,
358.0,Stefan,Ortega Moreno,Ortega Moreno,1.0,13.0,0.0,0.0,
360.0,Rodrigo 'Rodri',Hernandez,Rodrigo,3.0,13.0,0.0,0.08,
361.0,Rúben,Gato Alves Dias,Rúben,2.0,13.0,0.28,0.07,
362.0,John,Stones,Stones,2.0,13.0,0.0,0.04,
363.0,Kyle,Walker,Walker,2.0,13.0,0.03,0.14,
571.0,Sávio 'Savinho',Moreira de Oliveira,Sávio,3.0,13.0,0.74,0.47,
607.0,Nico,O'Reilly,O’Reilly,3.0,13.0,0.0,0.0,
625.0,Ilkay,Gündogan,Gündogan,3.0,13.0,0.08,0.35,
626.0,Issa,Kaboré,Kaboré,2.0,13.0,0.0,0.0,Loaned to Benfica
364.0,Amad,Diallo,Amad,3.0,14.0,0.38,0.73,
365.0,Antony Matheus,dos Santos,Antony,3.0,14.0,0.0,0.05,
366.0,Bruno,Borges Fernandes,B.Fernandes,3.0,14.0,1.5,1.18,
367.0,Altay,Bayindir,Bayindir,1.0,14.0,0.0,0.0,
368.0,Carlos Henrique,Casimiro,Casemiro,3.0,14.0,0.26,0.57,
369.0,Diogo,Dalot Teixeira,Dalot,2.0,14.0,0.02,0.57,
370.0,Christian,Eriksen,Eriksen,3.0,14.0,0.0,0.36,
371.0,Jonny,Evans,Evans,2.0,14.0,0.0,0.0,
372.0,Alejandro,Garnacho,Garnacho,3.0,14.0,1.7,0.29,
373.0,Hannibal,Mejbri,Hannibal,3.0,14.0,0.0,0.0,Permanent move to Burnley
374.0,Tom,Heaton,Heaton,1.0,14.0,0.0,0.0,
375.0,Rasmus,Højlund,Højlund,4.0,14.0,0.0,0.0,Hamstring injury - Expected back 21 Sep
376.0,Victor,Lindelöf,Lindelof,2.0,14.0,0.0,0.0,Toe Injury - Unknown return date
377.0,Harry,Maguire,Maguire,2.0,14.0,0.04,0.02,
378.0,Kobbie,Mainoo,Mainoo,3.0,14.0,0.08,0.19,
379.0,Tyrell,Malacia,Malacia,2.0,14.0,0.0,0.0,Knee injury - Expected back 05 Oct
380.0,Lisandro,Martínez,Martinez,2.0,14.0,0.34,0.22,
381.0,Scott,McTominay,McTominay,3.0,14.0,0.07,0.0,Transferred to Napoli
382.0,Mason,Mount,Mount,3.0,14.0,0.39,0.03,Knock - Unknown return date
383.0,André,Onana,Onana,1.0,14.0,0.0,0.0,
384.0,Facundo,Pellistri Rebollo,Pellistri,3.0,14.0,0.0,0.0,Transferred to Panathinaikos
385.0,Marcus,Rashford,Rashford,3.0,14.0,0.4,0.72,
387.0,Luke,Shaw,Shaw,2.0,14.0,0.0,0.0,Calf injury - Expected back 21 Sep
389.0,Joshua,Zirkzee,Zirkzee,4.0,14.0,2.09,0.08,
572.0,Leny,Yoro,Yoro,2.0,14.0,0.0,0.0,Foot injury - Expected back 02 Nov
593.0,Matthijs,de Ligt,De Ligt,2.0,14.0,0.41,0.0,
594.0,Noussair,Mazraoui,Mazraoui,2.0,14.0,0.2,0.39,
613.0,Toby,Collyer,Collyer,3.0,14.0,0.0,0.01,
648.0,Ethan,Wheatley,Wheatley,4.0,14.0,0.0,0.0,
652.0,Manuel,Ugarte,Ugarte,3.0,14.0,0.0,0.0,
390.0,Alex,Murphy,A.Murphy,2.0,15.0,0.0,0.0,
391.0,Miguel,Almirón Rejala,Almirón,3.0,15.0,0.0,0.0,
392.0,Harvey,Barnes,Barnes,3.0,15.0,0.59,0.52,
393.0,Sven,Botman,Botman,2.0,15.0,0.0,0.0,Knee injury - Expected back 28 Dec
394.0,Bruno,Guimarães Rodriguez Moura,Bruno G.,3.0,15.0,0.13,0.33,
395.0,Dan,Burn,Burn,2.0,15.0,0.33,0.09,
396.0,Martin,Dúbravka,Dúbravka,1.0,15.0,0.0,0.0,
398.0,Anthony,Gordon,Gordon,3.0,15.0,0.83,0.89,
399.0,Lewis,Hall,Hall,2.0,15.0,0.0,0.16,
400.0,Isaac,Hayden,Hayden,3.0,15.0,0.0,0.0,
401.0,Alexander,Isak,Isak,4.0,15.0,1.32,0.28,Eye Injury - 75% chance of playing
402.0,Jacob,Murphy,J.Murphy,3.0,15.0,0.19,0.88,
403.0,Joelinton Cássio,Apolinário de Lira,Joelinton,3.0,15.0,0.29,0.06,
404.0,Lloyd,Kelly,Kelly,2.0,15.0,0.19,0.1,
405.0,Emil,Krafth,Krafth,2.0,15.0,0.04,0.03,
406.0,Garang,Kuol,Kuol,3.0,15.0,0.0,0.0,
407.0,Jamaal,Lascelles,Lascelles,2.0,15.0,0.0,0.0,Knee injury - Expected back 28 Dec
408.0,Jamal,Lewis,Lewis,2.0,15.0,0.0,0.0,Loaned to  Sao Paulo
409.0,Tino,Livramento,Livramento,2.0,15.0,0.0,0.01,
410.0,Sean,Longstaff,Longstaff,3.0,15.0,0.0,0.03,
411.0,Lewis,Miley,Miley,3.0,15.0,0.0,0.0,Foot injury - Expected back 28 Sep
412.0,Odysseas,Vlachodimos,Odysseas,1.0,15.0,0.0,0.0,
413.0,Nick,Pope,Pope,1.0,15.0,0.0,0.0,
414.0,John,Ruddy,Ruddy,1.0,15.0,0.0,0.0,
415.0,Fabian,Schär,Schär,2.0,15.0,0.14,0.01,
416.0,Matt,Targett,Targett,2.0,15.0,0.0,0.0,
417.0,Sandro,Tonali,Tonali,3.0,15.0,0.44,0.03,
418.0,Kieran,Trippier,Trippier,2.0,15.0,0.0,0.04,
419.0,Joe,White,White,3.0,15.0,0.0,0.0,Loaned to MK Dons
420.0,Joe,Willock,Willock,3.0,15.0,0.16,0.1,
421.0,Callum,Wilson,Wilson,4.0,15.0,0.0,0.0,Back injury - Unknown return date
574.0,Miodrag,Pivaš,Pivas,2.0,15.0,0.0,0.0,Loaned to Willem II
590.0,William,Osula,Osula,4.0,15.0,0.0,0.0,
26.0,Álex,Moreno Lopera,Alex Moreno,2.0,16.0,0.0,0.01,
422.0,Ola,Aina,Aina,2.0,16.0,0.03,0.23,
423.0,Elliot,Anderson,Anderson,3.0,16.0,0.1,0.12,
424.0,Taiwo,Awoniyi,Awoniyi,4.0,16.0,0.12,0.03,
425.0,Willy,Boly,Boly,2.0,16.0,0.07,0.0,Calf injury - 75% chance of playing
426.0,Josh,Bowler,Bowler,3.0,16.0,0.0,0.0,Loaned to  Preston North End
427.0,Carlos Miguel,dos Santos Pereira,C.Miguel,1.0,16.0,0.0,0.0,
428.0,Eric,da Silva Moreira,Da Silva Moreira,3.0,16.0,0.0,0.0,
429.0,Danilo,dos Santos de Oliveira,Danilo,3.0,16.0,0.0,0.0,Ankle injury - Unknown return date
430.0,Emmanuel,Dennis,Dennis,4.0,16.0,0.0,0.0,
431.0,Nicolás,Domínguez,Dominguez,3.0,16.0,0.12,0.1,
432.0,Anthony,Elanga,Elanga,3.0,16.0,0.49,0.47,
433.0,Morgan,Gibbs-White,Gibbs-White,3.0,16.0,0.72,0.84,
434.0,Callum,Hudson-Odoi,Hudson-Odoi,3.0,16.0,0.33,0.61,
435.0,Alex,Mighten,Mighten,3.0,16.0,0.0,0.0,Season long loan to Port Vale
436.0,Murillo,Santiago Costa dos Santos,Murillo,2.0,16.0,0.0,0.12,
437.0,Neco,Williams,N.Williams,2.0,16.0,0.43,0.18,
438.0,Omar,Richards,O.Richards,2.0,16.0,0.0,0.0,Loaned to Rio Ave
439.0,Lewis,O'Brien,O'Brien,3.0,16.0,0.0,0.0,On loan to Los Angeles Football Club for the rest of the season
440.0,Andrew,Omobamidele,Omobamidele,2.0,16.0,0.0,0.0,
441.0,Jonathan,Panzo,Panzo,2.0,16.0,0.0,0.0,On a season long loan to Rio Ave
442.0,Ibrahim,Sangaré,Sangaré,3.0,16.0,0.02,0.06,Knock - 75% chance of playing
443.0,Matz,Sels,Sels,1.0,16.0,0.0,0.0,
444.0,Harry,Toffolo,Toffolo,2.0,16.0,0.02,0.01,
446.0,Hwang,Ui-jo,Ui-jo,4.0,16.0,0.0,0.0,Transferred to Alanyaspor
447.0,Chris,Wood,Wood,4.0,16.0,1.55,0.13,
448.0,Joe,Worrall,Worrall,2.0,16.0,0.0,0.0,Transferred to Burnley
449.0,Ryan,Yates,Yates,3.0,16.0,0.26,0.05,
531.0,James,Ward-Prowse,Ward-Prowse,3.0,16.0,0.0,0.01,
573.0,Nikola,Milenković,Milenković,2.0,16.0,0.98,0.02,
596.0,João Pedro,Ferreira Silva,Jota Silva,3.0,16.0,0.0,0.03,
620.0,Ramón,Sosa,Sosa,3.0,16.0,0.09,0.06,
653.0,Felipe,Rodrigues da Silva,Morato,2.0,16.0,0.0,0.0,
14.0,Aaron,Ramsdale,Ramsdale,1.0,17.0,0.0,0.0,
27.0,Cameron,Archer,Archer,4.0,17.0,1.02,0.02,
188.0,Lesley,Ugochukwu,Ugochukwu,3.0,17.0,0.21,0.01,
397.0,Ryan,Fraser,Fraser,3.0,17.0,0.0,0.0,
450.0,Carlos,Alcaraz Durán,Alcaraz,3.0,17.0,0.07,0.03,Permanent transfer to Flamengo
451.0,Samuel,Amo-Ameyaw,Amo-Ameyaw,3.0,17.0,0.02,0.13,
452.0,Joe,Aribo,Aribo,3.0,17.0,0.53,0.49,
453.0,Adam,Armstrong,Armstrong,4.0,17.0,0.78,0.14,
454.0,Gavin,Bazunu,Bazunu,1.0,17.0,0.0,0.0,Achilles injury - Expected back 15 Feb
455.0,Jan,Bednarek,Bednarek,2.0,17.0,0.0,0.06,
456.0,Armel,Bella-Kotchap,Bella-Kotchap,2.0,17.0,0.0,0.0,
457.0,James,Bree,Bree,2.0,17.0,0.0,0.0,
458.0,Shea,Charles,Charles,3.0,17.0,0.0,0.0,Has joined Sheffield Wednesday on a season-long loan
459.0,Samuel,Edozie,Edozie,3.0,17.0,0.0,0.15,Loaned to Anderlecht
460.0,Ronnie,Edwards,Edwards,2.0,17.0,0.0,0.0,
461.0,Taylor,Harwood-Bellis,Harwood-Bellis,2.0,17.0,0.0,0.07,
462.0,Kamaldeen,Sulemana,Kamaldeen,3.0,17.0,0.0,0.0,Ankle injury - Expected back 21 Sep
463.0,Adam,Lallana,Lallana,3.0,17.0,0.07,0.06,
464.0,Juan,Larios López,Larios,2.0,17.0,0.0,0.0,
465.0,Mateusz,Lis,Lis,1.0,17.0,0.0,0.0,Transferred to Göztepe
466.0,Joe,Lumley,Lumley,1.0,17.0,0.0,0.0,
467.0,Ryan,Manning,Manning,2.0,17.0,0.0,0.0,
468.0,Sékou,Mara,Mara,4.0,17.0,0.0,0.0,Transferred to Strasbourg
469.0,Alex,McCarthy,McCarthy,1.0,17.0,0.0,0.0,
470.0,Paul,Onuachu,Onuachu,4.0,17.0,0.0,0.0,
471.0,Will,Smallbone,Smallbone,3.0,17.0,0.31,0.54,Hamstring injury - 75% chance of playing
472.0,Jack,Stephens,Stephens,2.0,17.0,0.23,0.1,Suspended until 05 Oct
473.0,Ross,Stewart,Stewart,4.0,17.0,0.0,0.0,
474.0,Sugawara,Yukinari,Sugawara,2.0,17.0,0.24,0.79,
475.0,Charlie,Taylor,Taylor,2.0,17.0,0.0,0.01,
476.0,Kyle,Walker-Peters,Walker-Peters,2.0,17.0,0.2,0.17,
477.0,Nathan,Wood-Gordon,Wood,2.0,17.0,0.0,0.0,
515.0,Maxwel,Cornet,Cornet,3.0,17.0,0.0,0.0,
518.0,Flynn,Downes,Downes,3.0,17.0,0.2,0.51,
584.0,Ben,Brereton Díaz,Brereton Díaz,3.0,17.0,0.5,0.12,
608.0,Tyler,Dibling,Dibling,3.0,17.0,0.08,0.2,
623.0,Mateus Gonçalo,Espanha Fernandes,M.Fernandes,3.0,17.0,0.18,0.1,
82.0,Dominic,Solanke-Mitchell,Solanke,4.0,18.0,0.51,0.18,
478.0,Ashley,Phillips,A.Phillips,2.0,18.0,0.0,0.0,Loaned to Stoke City
479.0,Brandon,Austin,Austin,1.0,18.0,0.0,0.0,
480.0,Rodrigo,Bentancur,Bentancur,3.0,18.0,0.27,0.1,
481.0,Lucas,Bergvall,Bergvall,3.0,18.0,0.06,0.17,
482.0,Yves,Bissouma,Bissouma,3.0,18.0,0.1,0.1,Knock - 75% chance of playing
483.0,Bryan,Gil Salvatierra,Bryan,3.0,18.0,0.0,0.0,On loan to Girona for the season
484.0,Ben,Davies,Davies,2.0,18.0,0.0,0.0,
485.0,Alfie,Devine,Devine,3.0,18.0,0.0,0.0,Loaned to Westerlo
486.0,Radu,Drăgușin,Dragusin,2.0,18.0,0.02,0.01,
487.0,Emerson,Leite de Souza Junior,E.Royal,2.0,18.0,0.0,0.0,Transferred to AC Milan
488.0,Fraser,Forster,Forster,1.0,18.0,0.0,0.0,
489.0,Archie,Gray,Gray,3.0,18.0,0.0,0.01,
490.0,Pierre-Emile,Højbjerg,Højbjerg,3.0,18.0,0.0,0.0,On loan to Marseille for the season
491.0,Brennan,Johnson,Johnson,3.0,18.0,0.94,0.24,
492.0,Dejan,Kulusevski,Kulusevski,3.0,18.0,0.24,0.5,
493.0,Giovani,Lo Celso,Lo Celso,3.0,18.0,0.0,0.0,Transferred to Real Betis
494.0,James,Maddison,Maddison,3.0,18.0,0.5,1.78,
495.0,Pedro,Porro,Pedro Porro,2.0,18.0,0.33,0.67,
496.0,Sergio,Reguilón,Reguilón,2.0,18.0,0.0,0.0,
497.0,Richarlison,de Andrade,Richarlison,4.0,18.0,0.19,0.0,Muscle injury - Unknown return date
498.0,Cristian,Romero,Romero,2.0,18.0,0.66,0.38,
499.0,Pape Matar,Sarr,P.M.Sarr,3.0,18.0,0.13,0.13,
500.0,Dane,Scarlett,Scarlett,4.0,18.0,0.0,0.0,Loaned to Oxford United
502.0,Manor,Solomon,Solomon,3.0,18.0,0.0,0.0,Season long loan to Leeds United
503.0,Son,Heung-min,Son,3.0,18.0,1.31,0.66,
504.0,Djed,Spence,Spence,2.0,18.0,0.0,0.0,
505.0,Destiny,Udogie,Udogie,2.0,18.0,0.0,0.12,
506.0,Micky,van de Ven,Van de Ven,2.0,18.0,0.02,0.08,
507.0,Alejo,Véliz,Veliz,4.0,18.0,0.0,0.0,Loaned to Espanyol
508.0,Guglielmo,Vicario,Vicario,1.0,18.0,0.0,0.0,
509.0,Timo,Werner,Werner,3.0,18.0,0.0,0.04,
510.0,Alfie,Whiteman,Whiteman,1.0,18.0,0.0,0.0,
609.0,Will,Lankshear,Lankshear,4.0,18.0,0.0,0.0,Hamstring injury - Unknown return date
610.0,Mikey,Moore,Moore,3.0,18.0,0.0,0.0,
612.0,Wilson,Odobert,Odobert,3.0,18.0,0.42,0.08,
388.0,Aaron,Wan-Bissaka,Wan-Bissaka,2.0,19.0,0.0,0.08,
511.0,Edson,Álvarez Velázquez,Álvarez,3.0,19.0,0.01,0.24,
512.0,Michail,Antonio,Antonio,4.0,19.0,0.84,0.01,
513.0,Alphonse,Areola,Areola,1.0,19.0,0.0,0.0,
514.0,Jarrod,Bowen,Bowen,3.0,19.0,0.46,0.63,
516.0,Vladimír,Coufal,Coufal,2.0,19.0,0.02,0.1,
517.0,Aaron,Cresswell,Cresswell,2.0,19.0,0.0,0.0,
519.0,George,Earthy,Earthy,3.0,19.0,0.0,0.0,Loaned to Bristol City
520.0,Emerson,Palmieri dos Santos,Emerson,2.0,19.0,0.04,0.14,Knee injury - 75% chance of playing
521.0,Łukasz,Fabiański,Fabianski,1.0,19.0,0.0,0.0,
522.0,Wes,Foderingham,Foderingham,1.0,19.0,0.0,0.0,
523.0,Danny,Ings,Ings,4.0,19.0,0.5,0.0,
524.0,Max,Kilman,Kilman,2.0,19.0,0.28,0.08,
525.0,Mohammed,Kudus,Kudus,3.0,19.0,0.3,0.73,
526.0,Luis Guilherme,Lira dos Santos,L.Guilherme,3.0,19.0,0.0,0.0,
527.0,Lucas,Tolentino Coelho de Lima,L.Paquetá,3.0,19.0,0.94,0.2,
528.0,Konstantinos,Mavropanos,Mavropanos,2.0,19.0,0.11,0.01,
529.0,Nayef,Aguerd,N.Aguerd,2.0,19.0,0.0,0.0,On loan to Real Sociedad for the season
530.0,Tomáš,Souček,Souček,3.0,19.0,1.45,0.3,
532.0,Kurt,Zouma,Zouma,2.0,19.0,0.0,0.0,On loan to Al-Orobah for the rest of the season
576.0,Andy,Irving,Irving,3.0,19.0,0.0,0.0,
587.0,Crysencio,Summerville,Summerville,3.0,19.0,0.06,0.18,
588.0,Guido,Rodríguez,G.Rodríguez,3.0,19.0,0.05,0.04,
589.0,Niclas,Füllkrug,Füllkrug,4.0,19.0,0.25,0.09,Achilles injury - 50% chance of playing
591.0,Jean-Clair,Todibo,Todibo,2.0,19.0,0.0,0.0,
643.0,Kaelan,Casey,Casey,2.0,19.0,0.0,0.0,
654.0,Carlos,Soler,C.Soler,3.0,19.0,0.0,0.0,
204.0,Sam,Johnstone,Johnstone,1.0,20.0,0.0,0.0,
533.0,Rayan,Aït-Nouri,Aït-Nouri,2.0,20.0,0.42,0.23,Knock - 75% chance of playing
534.0,Boubacar,Traoré,B.Traore,3.0,20.0,0.0,0.0,Knee injury - Unknown return date
535.0,Jean-Ricner,Bellegarde,Bellegarde,3.0,20.0,0.21,0.02,
536.0,Daniel,Bentley,Bentley,1.0,20.0,0.0,0.0,
537.0,Francisco Jorge,Tomás Oliveira,Chiquinho,3.0,20.0,0.0,0.05,Season long loan to RCD Mallorca
538.0,Tawanda,Chirewa,Chirewa,3.0,20.0,0.0,0.0,Loaened to Derby County
539.0,Leon,Chiwome,Chiwome,4.0,20.0,0.0,0.0,
540.0,Luke,Cundle,Cundle,3.0,20.0,0.0,0.0,
541.0,Matheus,Santos Carneiro Da Cunha,Cunha,4.0,20.0,1.41,0.58,
542.0,Craig,Dawson,Dawson,2.0,20.0,0.0,0.04,
543.0,Matt,Doherty,Doherty,2.0,20.0,0.08,0.08,
544.0,Tommy,Doyle,Doyle,3.0,20.0,0.04,0.06,
545.0,Fábio,Silva,Fábio Silva,4.0,20.0,0.0,0.0,Season long loan to Las Palmas
546.0,Nathan,Fraser,Fraser,4.0,20.0,0.0,0.0,Loaned to Zulte Waregem
547.0,Enso,González,Gonzalez,3.0,20.0,0.0,0.0,Knee injury - Unknown return date
548.0,Gonçalo Manuel,Ganchinho Guedes,Guedes,3.0,20.0,0.0,0.01,
549.0,Hugo,Bueno López,H.Bueno,2.0,20.0,0.0,0.0,Loaned to Feyenoord
550.0,Hwang,Hee-chan,Hee Chan,3.0,20.0,0.0,0.15,
551.0,Joe,Hodge,Hodge,3.0,20.0,0.0,0.0,Season long to Huddersfield Town
552.0,Ki-Jana,Hoever,Hoever,2.0,20.0,0.0,0.0,Loaned to Auxerre
553.0,João Victor,Gomes da Silva,J.Gomes,3.0,20.0,0.13,0.07,
554.0,José,Malheiro de Sá,José Sá,1.0,20.0,0.0,0.01,
555.0,Saša,Kalajdžić,Kalajdžić,4.0,20.0,0.0,0.0,Knee injury - Unknown return date
556.0,Tom,King,King,1.0,20.0,0.0,0.0,
557.0,Mario,Lemina,Mario Jr.,3.0,20.0,0.51,0.33,
558.0,Yerson,Mosquera,Mosquera,2.0,20.0,0.33,0.02,
559.0,Nélson,Cabral Semedo,N.Semedo,2.0,20.0,0.01,0.13,
561.0,Pedro,Cardoso de Lima,Pedro Lima,2.0,20.0,0.0,0.0,
562.0,Daniel,Castelo Podence,Podence,3.0,20.0,0.04,0.01,Transferred to Al-Shabab
563.0,Rodrigo,Martins Gomes,R.Gomes,3.0,20.0,0.06,0.01,
564.0,Santiago,Bueno,S.Bueno,2.0,20.0,0.0,0.0,
565.0,Pablo,Sarabia,Sarabia,3.0,20.0,0.1,0.02,
566.0,Jørgen,Strand Larsen,Strand Larsen,4.0,20.0,0.79,0.38,
567.0,Toti António,Gomes,Toti,2.0,20.0,0.0,0.24,Hamstring injury - 75% chance of playing
637.0,Bastien,Meupiyou,Meupiyou,2.0,20.0,0.0,0.0,Knock - Expected back 19 Oct
642.0,André,Trindade da Costa Neto,André,3.0,20.0,0.0,0.01,
655.0,Carlos Roberto,Forbs Borges,Forbs,3.0,20.0,0.0,0.0,
